###Total Requests###,,
Type,Requests,% of Total
Allowed,0,'-nan 
Blocked,0,'-nan 
,,
###Top 10 Users by Allowed Requests###,,
No matching log data for this report,,
,,
###Top 10 Users by Blocked Requests###,,
No matching log data for this report,,
,,
###Requests Summary###,,
No matching log data for this report,,
,,
###Browsing Time Summary###,,
No matching log data for this report,,
,,
###Bandwidth Summary###,,
No matching log data for this report,,
,,
###Top 10 Users by Requests###,,
No matching log data for this report,,
,,
###Top 10 Users over Time###,,
No matching log data for this report,,
,,
###Top 10 Users by Visited Categories###,,
No matching log data for this report,,
,,
###Top 10 Visited Categories by Sites###,,
No matching log data for this report,,
,,
###Top 10 Online Users by Browsing Time###,,
No matching log data for this report,,
,,
###Top 10 Online Users by Categories###,,
No matching log data for this report,,
,,
###Top 10 Categories by Browsing Time###,,
No matching log data for this report,,
,,
###Top 20 Sites by Browsing Time###,,
No matching log data for this report,,
,,
###Top 10 Bandwidth Users###,,
No matching log data for this report,,
,,
###Top 10 Bandwidth Users over Time###,,
No matching log data for this report,,
,,
###Top 10 Categories and Sites by Bandwidth###,,
No matching log data for this report,,
,,
###Top 5 Most Blocked Users and Visited Categories###,,
No matching log data for this report,,
,,
###Top 5 Most Blocked Users over Time###,,
No matching log data for this report,,
,,
###Top 3 Most Blocked Categories by Sites###,,
No matching log data for this report,,
,,
Web Usage Request Count,N/A,
Web Usage Application Count, 0 ,
Web Usage Category Count, 0 ,
Web Usage User Count, 0 ,
web Usage Total Malicious Websites Count, 0 ,
