###Total Requests###,,,,,,,,,,
Type,Requests,% of Total,,,,,,,,
Blocked,0,0,,,,,,,,
Allowed,"3,130,922",100,,,,,,,,
,,,,,,,,,,
###Top 10 Users by Allowed Requests###,,,,,,,,,,
User,Requests,% of Total,,,,,,,,
10.8.8.169,"617,886",39.03,,,,,,,,
user1 ,"218,251",13.79,,,,,,,,
10.8.7.2,"172,290",10.88,,,,,,,,
10.8.8.245,"138,775",8.77,,,,,,,,
10.8.168.10,"136,952",8.65,,,,,,,,
10.8.8.50,"101,267",6.4,,,,,,,,
10.8.8.155,"53,147",3.36,,,,,,,,
10.8.8.152,"51,752",3.27,,,,,,,,
10.8.8.128,"48,175",3.04,,,,,,,,
10.8.8.97,"44,751",2.83,,,,,,,,
,,,,,,,,,,
###Top 10 Users by Blocked Requests###,,,,,,,,,,
No matching log data for this report,,,,,,,,,,
,,,,,,,,,,
###Requests Summary###,,,,,,,,,,
Time Stamp,Allowed Request,Blocked Request,,,,,,,,
1675699200,11615,0,,,,,,,,
1675702800,11096,0,,,,,,,,
1675706400,11365,0,,,,,,,,
1675710000,11800,0,,,,,,,,
1675713600,11388,0,,,,,,,,
1675717200,11177,0,,,,,,,,
1675720800,11303,0,,,,,,,,
1675724400,12228,0,,,,,,,,
1675728000,22935,0,,,,,,,,
1675731600,32482,0,,,,,,,,
1675735200,49460,0,,,,,,,,
1675738800,47262,0,,,,,,,,
1675742400,34345,0,,,,,,,,
1675746000,26430,0,,,,,,,,
1675749600,42048,0,,,,,,,,
1675753200,41831,0,,,,,,,,
1675756800,33163,0,,,,,,,,
1675760400,37451,0,,,,,,,,
1675764000,21191,0,,,,,,,,
1675767600,13477,0,,,,,,,,
1675771200,11718,0,,,,,,,,
1675774800,11881,0,,,,,,,,
1675778400,11702,0,,,,,,,,
1675782000,11904,0,,,,,,,,
1675785600,12204,0,,,,,,,,
1675789200,11780,0,,,,,,,,
1675792800,11788,0,,,,,,,,
1675796400,11818,0,,,,,,,,
1675800000,11906,0,,,,,,,,
1675803600,11592,0,,,,,,,,
1675807200,11823,0,,,,,,,,
1675810800,12973,0,,,,,,,,
1675814400,20349,0,,,,,,,,
1675818000,30104,0,,,,,,,,
1675821600,32195,0,,,,,,,,
1675825200,36337,0,,,,,,,,
1675828800,25539,0,,,,,,,,
1675832400,25879,0,,,,,,,,
1675836000,47550,0,,,,,,,,
1675839600,51743,0,,,,,,,,
1675843200,42511,0,,,,,,,,
1675846800,30984,0,,,,,,,,
1675850400,22128,0,,,,,,,,
1675854000,12261,0,,,,,,,,
1675857600,11892,0,,,,,,,,
1675861200,12126,0,,,,,,,,
1675864800,12237,0,,,,,,,,
1675868400,12018,0,,,,,,,,
1675872000,12359,0,,,,,,,,
1675875600,11874,0,,,,,,,,
1675879200,11893,0,,,,,,,,
1675882800,11717,0,,,,,,,,
1675886400,12033,0,,,,,,,,
1675890000,11976,0,,,,,,,,
1675893600,12104,0,,,,,,,,
1675897200,12711,0,,,,,,,,
1675900800,17406,0,,,,,,,,
1675904400,33905,0,,,,,,,,
1675908000,39328,0,,,,,,,,
1675911600,40439,0,,,,,,,,
1675915200,32581,0,,,,,,,,
1675918800,23416,0,,,,,,,,
1675922400,39233,0,,,,,,,,
1675926000,38371,0,,,,,,,,
1675929600,31842,0,,,,,,,,
1675933200,22565,0,,,,,,,,
1675936800,15019,0,,,,,,,,
1675940400,12287,0,,,,,,,,
1675944000,11764,0,,,,,,,,
1675947600,11933,0,,,,,,,,
1675951200,12223,0,,,,,,,,
1675954800,12013,0,,,,,,,,
1675958400,12068,0,,,,,,,,
1675962000,11669,0,,,,,,,,
1675965600,11922,0,,,,,,,,
1675969200,11807,0,,,,,,,,
1675972800,11762,0,,,,,,,,
1675976400,11891,0,,,,,,,,
1675980000,11953,0,,,,,,,,
1675983600,12678,0,,,,,,,,
1675987200,17201,0,,,,,,,,
1675990800,32746,0,,,,,,,,
1675994400,28045,0,,,,,,,,
1675998000,27200,0,,,,,,,,
1676001600,27195,0,,,,,,,,
1676005200,32179,0,,,,,,,,
1676008800,31208,0,,,,,,,,
1676012400,30753,0,,,,,,,,
1676016000,31227,0,,,,,,,,
1676019600,26804,0,,,,,,,,
1676023200,16450,0,,,,,,,,
1676026800,11636,0,,,,,,,,
1676030400,11417,0,,,,,,,,
1676034000,11133,0,,,,,,,,
1676037600,11645,0,,,,,,,,
1676041200,11279,0,,,,,,,,
1676044800,11295,0,,,,,,,,
1676048400,11171,0,,,,,,,,
1676052000,11398,0,,,,,,,,
1676055600,11496,0,,,,,,,,
1676059200,11154,0,,,,,,,,
1676062800,11071,0,,,,,,,,
1676066400,10935,0,,,,,,,,
1676070000,11395,0,,,,,,,,
1676073600,11215,0,,,,,,,,
1676077200,11171,0,,,,,,,,
1676080800,11051,0,,,,,,,,
1676084400,11623,0,,,,,,,,
1676088000,11679,0,,,,,,,,
1676091600,11561,0,,,,,,,,
1676095200,11452,0,,,,,,,,
1676098800,11450,0,,,,,,,,
1676102400,11734,0,,,,,,,,
1676106000,11225,0,,,,,,,,
1676109600,11309,0,,,,,,,,
1676113200,11657,0,,,,,,,,
1676116800,11376,0,,,,,,,,
1676120400,11491,0,,,,,,,,
1676124000,11474,0,,,,,,,,
1676127600,11457,0,,,,,,,,
1676131200,11299,0,,,,,,,,
1676134800,11149,0,,,,,,,,
1676138400,11367,0,,,,,,,,
1676142000,11316,0,,,,,,,,
1676145600,11535,0,,,,,,,,
1676149200,11609,0,,,,,,,,
1676152800,11313,0,,,,,,,,
1676156400,11186,0,,,,,,,,
1676160000,11530,0,,,,,,,,
1676163600,11251,0,,,,,,,,
1676167200,11521,0,,,,,,,,
1676170800,12691,0,,,,,,,,
1676174400,11562,0,,,,,,,,
1676178000,11386,0,,,,,,,,
1676181600,12291,0,,,,,,,,
1676185200,11808,0,,,,,,,,
1676188800,12123,0,,,,,,,,
1676192400,12720,0,,,,,,,,
1676196000,11668,0,,,,,,,,
1676199600,11749,0,,,,,,,,
1676203200,12074,0,,,,,,,,
1676206800,12017,0,,,,,,,,
1676210400,11848,0,,,,,,,,
1676214000,11726,0,,,,,,,,
1676217600,11993,0,,,,,,,,
1676221200,11233,0,,,,,,,,
1676224800,10951,0,,,,,,,,
1676228400,10972,0,,,,,,,,
1676232000,11179,0,,,,,,,,
1676235600,11092,0,,,,,,,,
1676239200,11156,0,,,,,,,,
1676242800,12056,0,,,,,,,,
1676246400,17667,0,,,,,,,,
1676250000,50883,0,,,,,,,,
1676253600,45277,0,,,,,,,,
1676257200,48271,0,,,,,,,,
1676260800,35217,0,,,,,,,,
1676264400,33674,0,,,,,,,,
1676268000,44535,0,,,,,,,,
1676271600,44455,0,,,,,,,,
1676275200,46621,0,,,,,,,,
1676278800,37406,0,,,,,,,,
1676282400,21085,0,,,,,,,,
1676286000,10541,0,,,,,,,,
1676289600,10779,0,,,,,,,,
1676293200,10880,0,,,,,,,,
1676296800,10739,0,,,,,,,,
1676300400,10832,0,,,,,,,,
,,,,,,,,,,
###Browsing Time Summary###,,,,,,,,,,
Time Stamp,,,,,,,,,,
1675699200,71,,,,,,,,,
1675702800,78,,,,,,,,,
1675706400,70,,,,,,,,,
1675710000,77,,,,,,,,,
1675713600,77,,,,,,,,,
1675717200,75,,,,,,,,,
1675720800,71,,,,,,,,,
1675724400,72,,,,,,,,,
1675728000,73,,,,,,,,,
1675731600,111,,,,,,,,,
1675735200,146,,,,,,,,,
1675738800,178,,,,,,,,,
1675742400,229,,,,,,,,,
1675746000,210,,,,,,,,,
1675749600,152,,,,,,,,,
1675753200,187,,,,,,,,,
1675756800,219,,,,,,,,,
1675760400,190,,,,,,,,,
1675764000,234,,,,,,,,,
1675767600,142,,,,,,,,,
1675771200,74,,,,,,,,,
1675774800,74,,,,,,,,,
1675778400,72,,,,,,,,,
1675782000,84,,,,,,,,,
1675785600,78,,,,,,,,,
1675789200,80,,,,,,,,,
1675792800,89,,,,,,,,,
1675796400,70,,,,,,,,,
1675800000,80,,,,,,,,,
1675803600,73,,,,,,,,,
1675807200,85,,,,,,,,,
1675810800,96,,,,,,,,,
1675814400,101,,,,,,,,,
1675818000,115,,,,,,,,,
1675821600,169,,,,,,,,,
1675825200,152,,,,,,,,,
1675828800,189,,,,,,,,,
1675832400,184,,,,,,,,,
1675836000,152,,,,,,,,,
1675839600,160,,,,,,,,,
1675843200,220,,,,,,,,,
1675846800,241,,,,,,,,,
1675850400,174,,,,,,,,,
1675854000,161,,,,,,,,,
1675857600,87,,,,,,,,,
1675861200,81,,,,,,,,,
1675864800,70,,,,,,,,,
1675868400,89,,,,,,,,,
1675872000,94,,,,,,,,,
1675875600,87,,,,,,,,,
1675879200,74,,,,,,,,,
1675882800,83,,,,,,,,,
1675886400,93,,,,,,,,,
1675890000,82,,,,,,,,,
1675893600,72,,,,,,,,,
1675897200,75,,,,,,,,,
1675900800,94,,,,,,,,,
1675904400,101,,,,,,,,,
1675908000,126,,,,,,,,,
1675911600,175,,,,,,,,,
1675915200,193,,,,,,,,,
1675918800,165,,,,,,,,,
1675922400,134,,,,,,,,,
1675926000,173,,,,,,,,,
1675929600,180,,,,,,,,,
1675933200,200,,,,,,,,,
1675936800,168,,,,,,,,,
1675940400,122,,,,,,,,,
1675944000,84,,,,,,,,,
1675947600,78,,,,,,,,,
1675951200,81,,,,,,,,,
1675954800,83,,,,,,,,,
1675958400,86,,,,,,,,,
1675962000,80,,,,,,,,,
1675965600,78,,,,,,,,,
1675969200,81,,,,,,,,,
1675972800,75,,,,,,,,,
1675976400,78,,,,,,,,,
1675980000,84,,,,,,,,,
1675983600,72,,,,,,,,,
1675987200,83,,,,,,,,,
1675990800,107,,,,,,,,,
1675994400,130,,,,,,,,,
1675998000,162,,,,,,,,,
1676001600,180,,,,,,,,,
1676005200,156,,,,,,,,,
1676008800,152,,,,,,,,,
1676012400,138,,,,,,,,,
1676016000,190,,,,,,,,,
1676019600,208,,,,,,,,,
1676023200,173,,,,,,,,,
1676026800,140,,,,,,,,,
1676030400,105,,,,,,,,,
1676034000,101,,,,,,,,,
1676037600,81,,,,,,,,,
1676041200,90,,,,,,,,,
1676044800,76,,,,,,,,,
1676048400,80,,,,,,,,,
1676052000,91,,,,,,,,,
1676055600,100,,,,,,,,,
1676059200,101,,,,,,,,,
1676062800,87,,,,,,,,,
1676066400,81,,,,,,,,,
1676070000,80,,,,,,,,,
1676073600,84,,,,,,,,,
1676077200,88,,,,,,,,,
1676080800,85,,,,,,,,,
1676084400,82,,,,,,,,,
1676088000,87,,,,,,,,,
1676091600,95,,,,,,,,,
1676095200,86,,,,,,,,,
1676098800,84,,,,,,,,,
1676102400,76,,,,,,,,,
1676106000,80,,,,,,,,,
1676109600,85,,,,,,,,,
1676113200,83,,,,,,,,,
1676116800,82,,,,,,,,,
1676120400,91,,,,,,,,,
1676124000,89,,,,,,,,,
1676127600,88,,,,,,,,,
1676131200,88,,,,,,,,,
1676134800,86,,,,,,,,,
1676138400,88,,,,,,,,,
1676142000,84,,,,,,,,,
1676145600,81,,,,,,,,,
1676149200,88,,,,,,,,,
1676152800,90,,,,,,,,,
1676156400,88,,,,,,,,,
1676160000,76,,,,,,,,,
1676163600,89,,,,,,,,,
1676167200,83,,,,,,,,,
1676170800,85,,,,,,,,,
1676174400,82,,,,,,,,,
1676178000,89,,,,,,,,,
1676181600,82,,,,,,,,,
1676185200,85,,,,,,,,,
1676188800,86,,,,,,,,,
1676192400,106,,,,,,,,,
1676196000,83,,,,,,,,,
1676199600,84,,,,,,,,,
1676203200,82,,,,,,,,,
1676206800,92,,,,,,,,,
1676210400,93,,,,,,,,,
1676214000,79,,,,,,,,,
1676217600,82,,,,,,,,,
1676221200,91,,,,,,,,,
1676224800,82,,,,,,,,,
1676228400,82,,,,,,,,,
1676232000,83,,,,,,,,,
1676235600,84,,,,,,,,,
1676239200,88,,,,,,,,,
1676242800,88,,,,,,,,,
1676246400,78,,,,,,,,,
1676250000,96,,,,,,,,,
1676253600,137,,,,,,,,,
1676257200,172,,,,,,,,,
1676260800,156,,,,,,,,,
1676264400,186,,,,,,,,,
1676268000,178,,,,,,,,,
1676271600,170,,,,,,,,,
1676275200,198,,,,,,,,,
1676278800,233,,,,,,,,,
1676282400,221,,,,,,,,,
1676286000,148,,,,,,,,,
1676289600,78,,,,,,,,,
1676293200,85,,,,,,,,,
1676296800,74,,,,,,,,,
1676300400,85,,,,,,,,,
,,,,,,,,,,
###Bandwidth Summary###,,,,,,,,,,
Time Stamp,,,,,,,,,,
1675699200,47536317,1101471372,,,,,,,,
1675702800,57057481,1624553848,,,,,,,,
1675706400,35160838,604997429,,,,,,,,
1675710000,46773691,1099076329,,,,,,,,
1675713600,38828463,767015865,,,,,,,,
1675717200,35046204,661830303,,,,,,,,
1675720800,64369788,1928417828,,,,,,,,
1675724400,46881012,1011056312,,,,,,,,
1675728000,301142627,2264210987,,,,,,,,
1675731600,631726799,6192006721,,,,,,,,
1675735200,1153461370,8093190784,,,,,,,,
1675738800,1880500106,12921347289,,,,,,,,
1675742400,926896004,21778720117,,,,,,,,
1675746000,197759526,2766562702,,,,,,,,
1675749600,954048881,5121853728,,,,,,,,
1675753200,1123274195,3883340850,,,,,,,,
1675756800,805942348,12199130110,,,,,,,,
1675760400,1279125677,12250371700,,,,,,,,
1675764000,305444139,3256641370,,,,,,,,
1675767600,91403263,2788163587,,,,,,,,
1675771200,33772504,485870716,,,,,,,,
1675774800,38767505,684103687,,,,,,,,
1675778400,40262021,705340726,,,,,,,,
1675782000,42363126,939981689,,,,,,,,
1675785600,57881883,1425341889,,,,,,,,
1675789200,62277750,1619878550,,,,,,,,
1675792800,275838543,912453019,,,,,,,,
1675796400,62101101,2042099055,,,,,,,,
1675800000,45254210,971232327,,,,,,,,
1675803600,46553447,1169361378,,,,,,,,
1675807200,62816579,1764191867,,,,,,,,
1675810800,57181094,1324221038,,,,,,,,
1675814400,198480550,4162553528,,,,,,,,
1675818000,684671077,14070792331,,,,,,,,
1675821600,523436644,12416083318,,,,,,,,
1675825200,744026290,10432881892,,,,,,,,
1675828800,562476775,4586734806,,,,,,,,
1675832400,296028462,5377630845,,,,,,,,
1675836000,1089694085,7457750047,,,,,,,,
1675839600,1301916376,5223236821,,,,,,,,
1675843200,725732866,5009030809,,,,,,,,
1675846800,453720758,3362786239,,,,,,,,
1675850400,699765739,10713290335,,,,,,,,
1675854000,115493759,717974052,,,,,,,,
1675857600,80520710,399315790,,,,,,,,
1675861200,81561654,632923234,,,,,,,,
1675864800,88658999,590465573,,,,,,,,
1675868400,90173781,692701044,,,,,,,,
1675872000,106539396,1438808330,,,,,,,,
1675875600,101887247,1282863999,,,,,,,,
1675879200,86001315,586484095,,,,,,,,
1675882800,90138415,893196793,,,,,,,,
1675886400,92836706,913101956,,,,,,,,
1675890000,141735695,3576232778,,,,,,,,
1675893600,111875815,1887205752,,,,,,,,
1675897200,112216312,2033846899,,,,,,,,
1675900800,3498150192,3185178463,,,,,,,,
1675904400,727527120,6188645206,,,,,,,,
1675908000,1027395307,5993631424,,,,,,,,
1675911600,1417566752,4217118550,,,,,,,,
1675915200,556073380,7771010761,,,,,,,,
1675918800,611826569,6663889764,,,,,,,,
1675922400,1188205258,4546551876,,,,,,,,
1675926000,1442814903,3881103895,,,,,,,,
1675929600,489780521,3578879609,,,,,,,,
1675933200,8910286731,12570127967,,,,,,,,
1675936800,162628970,3654681656,,,,,,,,
1675940400,106305564,670134298,,,,,,,,
1675944000,97956198,472219095,,,,,,,,
1675947600,80015784,516781069,,,,,,,,
1675951200,113581305,894969120,,,,,,,,
1675954800,100924563,569733261,,,,,,,,
1675958400,100213030,1418665151,,,,,,,,
1675962000,99684713,1188411654,,,,,,,,
1675965600,91620532,803446115,,,,,,,,
1675969200,102539140,686810409,,,,,,,,
1675972800,88948233,625327885,,,,,,,,
1675976400,106264621,1548500875,,,,,,,,
1675980000,91967770,771284042,,,,,,,,
1675983600,97756976,850150961,,,,,,,,
1675987200,540164339,1812451007,,,,,,,,
1675990800,2258940435,5003011317,,,,,,,,
1675994400,865452221,4174106823,,,,,,,,
1675998000,1002469479,2630582744,,,,,,,,
1676001600,773617232,2616328342,,,,,,,,
1676005200,1061969246,13216895676,,,,,,,,
1676008800,847505260,5376916593,,,,,,,,
1676012400,695506782,2830693330,,,,,,,,
1676016000,857248166,3870828229,,,,,,,,
1676019600,1173606549,2328310333,,,,,,,,
1676023200,358550134,994306144,,,,,,,,
1676026800,104326216,974436650,,,,,,,,
1676030400,87424264,570655115,,,,,,,,
1676034000,89476609,711793135,,,,,,,,
1676037600,92331167,672318650,,,,,,,,
1676041200,90737211,677843127,,,,,,,,
1676044800,102356575,1210891215,,,,,,,,
1676048400,102353777,1242871503,,,,,,,,
1676052000,91533956,883337903,,,,,,,,
1676055600,97720771,1026827870,,,,,,,,
1676059200,101998295,1214174487,,,,,,,,
1676062800,121497044,1533344877,,,,,,,,
1676066400,110935316,1544725759,,,,,,,,
1676070000,105450674,632807335,,,,,,,,
1676073600,89724529,739617945,,,,,,,,
1676077200,92124888,797892469,,,,,,,,
1676080800,98633393,1104367357,,,,,,,,
1676084400,105594528,1064427572,,,,,,,,
1676088000,101361629,1111457866,,,,,,,,
1676091600,87892628,777322261,,,,,,,,
1676095200,102344695,644181701,,,,,,,,
1676098800,83108275,602403389,,,,,,,,
1676102400,105563231,949865574,,,,,,,,
1676106000,115371441,1363175817,,,,,,,,
1676109600,93965181,1317840953,,,,,,,,
1676113200,91140571,687398793,,,,,,,,
1676116800,90480467,569542191,,,,,,,,
1676120400,91976246,621052161,,,,,,,,
1676124000,92799824,669516126,,,,,,,,
1676127600,91485716,667480030,,,,,,,,
1676131200,99088310,945274759,,,,,,,,
1676134800,100973346,617095961,,,,,,,,
1676138400,84695983,704210644,,,,,,,,
1676142000,95127181,959296126,,,,,,,,
1676145600,101068667,1195012032,,,,,,,,
1676149200,91934884,669914414,,,,,,,,
1676152800,89228120,592411302,,,,,,,,
1676156400,88902494,635704038,,,,,,,,
1676160000,99171495,787922735,,,,,,,,
1676163600,88537864,592756000,,,,,,,,
1676167200,89583595,623152615,,,,,,,,
1676170800,566234874,880720433,,,,,,,,
1676174400,99926940,996026970,,,,,,,,
1676178000,91800419,683008419,,,,,,,,
1676181600,144092355,3429437115,,,,,,,,
1676185200,118783152,1787309038,,,,,,,,
1676188800,115498774,794743246,,,,,,,,
1676192400,125370090,1887276055,,,,,,,,
1676196000,94827583,637788369,,,,,,,,
1676199600,93638026,597281981,,,,,,,,
1676203200,97107377,635154629,,,,,,,,
1676206800,98264777,557827678,,,,,,,,
1676210400,98042180,621949909,,,,,,,,
1676214000,109629824,642008780,,,,,,,,
1676217600,1981845850,2783403589,,,,,,,,
1676221200,90533299,642798090,,,,,,,,
1676224800,87988892,594747834,,,,,,,,
1676228400,89888603,626224695,,,,,,,,
1676232000,88432558,472134440,,,,,,,,
1676235600,93662172,763887677,,,,,,,,
1676239200,90115784,596064158,,,,,,,,
1676242800,103259447,846144482,,,,,,,,
1676246400,266217632,6817672366,,,,,,,,
1676250000,2471956233,12860976844,,,,,,,,
1676253600,6022770019,9478604422,,,,,,,,
1676257200,1251986678,5087541853,,,,,,,,
1676260800,623266779,8456675079,,,,,,,,
1676264400,610712783,5625375238,,,,,,,,
1676268000,1354834436,3903010957,,,,,,,,
1676271600,1452876605,4417182426,,,,,,,,
1676275200,3681242132,8813201872,,,,,,,,
1676278800,537484339,2780265963,,,,,,,,
1676282400,457409628,1103359222,,,,,,,,
1676286000,95547250,1094282468,,,,,,,,
1676289600,104196952,500757389,,,,,,,,
1676293200,87963861,483072703,,,,,,,,
1676296800,89960614,523169731,,,,,,,,
1676300400,105557227,459303038,,,,,,,,
,,,,,,,,,,
###Top 10 Users by Requests###,,,,,,,,,,
User,Requests,% of Total,,,,,,,,
10.8.8.169,"617,886",39.03,,,,,,,,
user1 ,"218,251",13.79,,,,,,,,
10.8.7.2,"172,290",10.88,,,,,,,,
10.8.8.245,"138,775",8.77,,,,,,,,
10.8.168.10,"136,952",8.65,,,,,,,,
10.8.8.50,"101,267",6.4,,,,,,,,
10.8.8.155,"53,147",3.36,,,,,,,,
10.8.8.152,"51,752",3.27,,,,,,,,
10.8.8.128,"48,175",3.04,,,,,,,,
10.8.8.97,"44,751",2.83,,,,,,,,
,,,,,,,,,,
###Top 10 Users over Time###,,,,,,,,,,
(null),10.8.168.10,10.8.7.2,10.8.8.128,10.8.8.152,10.8.8.155,10.8.8.169,10.8.8.245,10.8.8.50,10.8.8.97,user1 
1675699200,814,981,0,311,320,3656,829,585,362,1303
1675702800,822,992,0,313,304,3658,828,614,281,1147
1675706400,819,988,0,341,337,3649,829,597,301,1269
1675710000,818,990,0,307,306,3643,824,617,336,1349
1675713600,818,972,0,321,325,3635,832,576,322,1346
1675717200,815,975,0,328,319,3642,824,579,289,1351
1675720800,814,1008,0,326,314,3650,761,638,428,1227
1675724400,820,1010,0,314,315,3634,824,676,344,1301
1675728000,819,1022,938,331,336,3635,832,667,366,1318
1675731600,823,1119,786,318,327,3641,824,620,657,1354
1675735200,827,1180,678,325,322,3599,824,574,2417,1334
1675738800,819,1146,949,326,317,3575,824,557,3649,1376
1675742400,814,1099,390,322,324,3606,833,559,1645,1327
1675746000,814,1033,275,324,327,3638,818,565,4128,1330
1675749600,814,1297,2504,327,331,3660,829,589,1513,1339
1675753200,814,1236,0,326,324,3672,824,588,3852,1352
1675756800,762,1081,0,320,325,3655,824,566,1613,1306
1675760400,821,1117,0,320,321,3653,824,608,3012,1095
1675764000,754,985,0,317,315,3664,824,576,693,1203
1675767600,819,962,0,324,317,3643,832,595,1247,1262
1675771200,808,967,0,329,320,3641,829,592,708,1276
1675774800,822,977,0,319,329,3628,824,628,637,1294
1675778400,814,981,0,323,321,3651,829,708,611,1307
1675782000,814,1013,0,319,321,3635,836,610,733,1315
1675785600,804,989,0,315,310,3656,837,589,1053,1297
1675789200,814,987,0,313,318,3647,821,597,702,1097
1675792800,813,968,0,325,333,3653,832,596,645,1215
1675796400,814,971,0,321,318,3640,830,582,578,1320
1675800000,814,967,0,338,328,3640,837,555,822,1323
1675803600,819,983,0,312,317,3645,832,578,555,1281
1675807200,814,1014,0,314,317,3645,832,627,662,1194
1675810800,822,994,0,314,318,3718,820,561,694,1301
1675814400,762,1015,726,329,324,3769,818,727,953,1313
1675818000,815,1139,775,329,320,3734,824,832,639,1347
1675821600,812,1038,669,329,329,3725,824,530,94,1298
1675825200,812,1089,760,316,319,3693,821,541,56,1316
1675828800,819,1048,533,327,319,3713,818,571,55,1343
1675832400,822,1030,178,321,324,3694,828,663,59,1296
1675836000,814,1397,474,344,327,3719,836,662,44,1234
1675839600,829,1500,0,327,336,3728,833,542,60,1028
1675843200,814,1521,0,326,326,3722,824,578,47,925
1675846800,821,1102,843,315,313,3749,829,584,60,1381
1675850400,823,996,838,319,329,3730,826,589,61,1139
1675854000,814,973,754,318,319,3750,829,574,56,1168
1675857600,827,1022,751,327,324,3718,824,714,46,1163
1675861200,815,1016,750,327,322,3674,837,712,49,1248
1675864800,819,980,751,321,324,3695,824,606,61,1254
1675868400,809,985,751,319,317,3743,817,559,60,1290
1675872000,823,964,755,313,323,3736,824,586,46,1265
1675875600,818,972,751,319,306,3720,832,551,47,1137
1675879200,814,975,754,328,333,3685,821,562,56,1203
1675882800,814,976,755,316,317,3694,829,564,47,1297
1675886400,810,993,754,317,323,3713,822,679,52,1292
1675890000,814,980,750,325,321,3691,838,555,57,1347
1675893600,822,1004,757,317,327,3691,833,640,64,1280
1675897200,819,1001,748,323,324,3708,824,591,53,1340
1675900800,815,999,750,333,335,3691,829,639,45,1312
1675904400,817,1057,754,325,325,3692,830,588,59,1322
1675908000,812,1186,45,330,326,3684,819,634,74,1330
1675911600,799,1080,0,317,318,3659,795,537,56,1266
1675915200,820,1073,0,321,327,3718,820,526,47,1305
1675918800,819,1002,0,328,333,3669,837,602,62,1329
1675922400,744,1104,487,333,322,3707,758,549,59,1294
1675926000,818,1059,751,315,341,3698,826,552,59,1297
1675929600,789,1056,752,324,323,3705,791,579,62,1229
1675933200,785,1026,749,308,315,3691,802,574,52,1106
1675936800,810,1003,752,325,335,3678,806,734,73,1152
1675940400,769,1045,754,333,321,3705,793,665,72,1224
1675944000,788,1014,748,321,331,3693,790,625,62,1203
1675947600,815,1021,750,332,319,3707,807,689,54,1266
1675951200,822,1001,748,318,318,3702,832,628,55,1229
1675954800,815,975,750,322,323,3691,824,578,82,1274
1675958400,814,1002,750,316,313,3697,832,638,42,1292
1675962000,810,982,750,310,307,3695,818,604,46,1189
1675965600,810,975,751,323,325,3711,824,588,52,1250
1675969200,808,988,754,332,333,3701,832,564,60,1302
1675972800,814,974,750,322,310,3693,832,549,55,1295
1675976400,814,999,755,321,318,3695,832,589,57,1294
1675980000,818,1016,750,317,325,3708,824,627,45,1298
1675983600,818,1052,750,325,320,3700,837,681,62,1320
1675987200,822,991,750,336,329,3693,837,602,38,1305
1675990800,819,1016,750,327,320,3680,832,561,61,1292
1675994400,814,1012,751,326,331,3626,837,555,70,1259
1675998000,826,1053,756,317,327,3646,814,581,69,1306
1676001600,814,1068,808,314,318,3752,837,571,62,1304
1676005200,817,1166,752,316,320,3726,837,595,45,1328
1676008800,816,1049,754,325,319,3716,829,594,54,1325
1676012400,818,1027,755,319,330,3721,824,665,76,1335
1676016000,820,1000,1685,323,316,3710,829,529,62,1270
1676019600,815,1040,1023,308,311,3707,832,702,48,1167
1676023200,813,1022,30,325,331,3681,829,602,55,1212
1676026800,828,973,30,327,322,3678,832,575,56,1239
1676030400,814,994,33,327,326,3674,824,610,62,1253
1676034000,823,970,30,324,327,3672,824,577,49,1264
1676037600,818,985,30,319,322,3673,824,565,68,1321
1676041200,814,993,28,332,316,3688,824,589,66,1333
1676044800,828,961,30,331,323,3687,824,547,60,1298
1676048400,816,975,35,313,323,3669,830,549,55,1220
1676052000,828,970,36,331,330,3674,829,555,54,1317
1676055600,819,988,30,323,326,3684,828,572,58,1305
1676059200,814,964,30,321,321,3685,833,539,64,1332
1676062800,814,965,35,313,322,3687,829,540,63,1299
1676066400,814,970,35,319,308,3672,837,529,52,1279
1676070000,814,999,30,323,321,3687,837,575,52,1298
1676073600,819,1005,26,325,321,3675,829,611,67,1312
1676077200,823,985,34,328,325,3656,828,592,49,1333
1676080800,819,966,30,347,318,3639,824,536,67,1323
1676084400,820,977,34,314,307,3650,828,580,60,1340
1676088000,814,1003,35,323,332,3620,823,667,64,1344
1676091600,814,982,30,320,320,3640,824,549,57,1344
1676095200,814,958,35,318,317,3668,832,545,54,1370
1676098800,827,1005,30,322,323,3651,824,626,54,1389
1676102400,816,1016,30,324,318,3666,836,628,66,1375
1676106000,824,999,28,311,312,3637,830,688,52,1325
1676109600,819,992,34,326,335,3676,828,584,50,1378
1676113200,820,1023,30,320,334,3671,832,641,53,1360
1676116800,815,988,30,322,316,3661,829,602,52,1331
1676120400,823,990,30,324,323,3667,826,616,52,1343
1676124000,819,1000,30,315,323,3675,823,607,48,1346
1676127600,819,965,37,324,321,3675,828,571,47,1357
1676131200,822,985,35,314,323,3664,828,584,53,1347
1676134800,814,975,30,322,313,3664,814,570,64,1370
1676138400,814,990,30,325,320,3668,828,705,52,1345
1676142000,819,979,36,322,326,3667,824,582,54,1374
1676145600,819,974,35,321,315,3663,824,543,56,1342
1676149200,819,985,35,321,321,3674,829,604,57,1349
1676152800,820,981,35,323,316,3668,824,555,56,1352
1676156400,822,1008,30,325,322,3674,824,596,51,1354
1676160000,827,1014,30,339,319,3674,830,632,44,1368
1676163600,818,991,34,326,325,3610,837,642,58,1340
1676167200,814,1028,35,325,321,3641,824,816,66,1371
1676170800,826,1043,30,321,319,3644,830,788,47,1358
1676174400,820,1048,34,324,321,3660,824,694,55,1345
1676178000,814,957,35,326,321,3669,829,551,72,1327
1676181600,826,960,30,323,325,3667,829,542,66,1345
1676185200,822,995,33,317,319,3658,830,588,48,1391
1676188800,827,998,30,321,485,3698,830,580,47,1381
1676192400,824,989,34,328,653,3678,828,671,61,1335
1676196000,818,980,35,324,662,3675,829,587,56,1352
1676199600,814,1003,30,328,644,3689,828,589,57,1354
1676203200,820,1055,33,326,659,3678,832,729,63,1350
1676206800,827,1017,34,323,655,3667,828,779,55,1356
1676210400,814,1029,35,325,623,3662,829,695,62,1327
1676214000,756,987,35,325,648,3684,829,550,53,1348
1676217600,818,970,30,320,670,3667,828,575,57,1356
1676221200,829,976,30,323,293,3688,824,555,50,1338
1676224800,818,980,30,319,85,3661,824,558,65,1358
1676228400,822,985,34,319,80,3685,829,568,51,1341
1676232000,826,985,33,314,82,3688,829,548,50,1352
1676235600,820,972,34,322,90,3672,837,546,54,1357
1676239200,823,1011,35,319,80,3660,824,640,56,1335
1676242800,818,999,33,324,81,3658,836,654,46,1358
1676246400,827,1014,30,325,85,3673,829,727,51,1349
1676250000,814,1074,30,321,84,3684,824,611,48,1328
1676253600,807,1160,35,316,257,3630,819,567,71,1300
1676257200,822,1099,30,332,317,3631,836,593,49,1331
1676260800,814,1044,30,329,322,3683,832,613,65,1339
1676264400,819,1222,22,322,321,3687,824,740,56,1319
1676268000,814,1121,34,320,327,3705,828,547,61,1301
1676271600,826,1177,31,318,325,3695,824,561,45,1352
1676275200,822,1053,39,147,238,3686,837,564,25,1322
1676278800,816,1108,34,0,87,3677,824,535,0,1309
1676282400,827,1012,30,0,79,3710,837,539,0,1302
1676286000,819,995,28,0,80,3730,829,562,0,1303
1676289600,819,996,34,0,88,3730,832,580,0,1324
1676293200,818,992,28,0,88,3733,837,655,0,1354
1676296800,819,991,34,0,80,3675,836,559,88,1293
1676300400,820,969,28,0,84,3676,832,556,50,1327
,,,,,,,,,,
###Top 10 Users by Visited Categories###,,,,,,,,,,
User (or IP),Category,,% of Subtotal,,,,,,,
10.8.8.169,Search Engines and Portals,602262,98.18%,,,,,,,
10.8.8.169,Information Technology,11147,1.82%,,,,,,,
user1 ,Information Technology,200583,96.10%,,,,,,,
user1 ,Information and Computer Security,5429,2.60%,,,,,,,
user1 ,Potentially Unwanted Program,2377,1.14%,,,,,,,
user1 ,Search Engines and Portals,172,0.08%,,,,,,,
user1 ,Advertising,52,0.02%,,,,,,,
10.8.7.2,Information Technology,110572,69.69%,,,,,,,
10.8.7.2,Content Servers,40474,25.51%,,,,,,,
10.8.7.2,Proxy Avoidance,4887,3.08%,,,,,,,
10.8.7.2,Business,510,0.32%,,,,,,,
10.8.7.2,File Sharing and Storage,446,0.28%,,,,,,,
10.8.8.50,Information Technology,87190,92.11%,,,,,,,
10.8.8.50,Proxy Avoidance,2368,2.50%,,,,,,,
10.8.8.50,Information and Computer Security,1347,1.42%,,,,,,,
10.8.8.50,File Sharing and Storage,700,0.74%,,,,,,,
10.8.8.50,Advertising,486,0.51%,,,,,,,
10.8.8.245,Information Technology,52310,90.80%,,,,,,,
10.8.8.245,Information and Computer Security,5297,9.20%,,,,,,,
10.8.168.10,Information Technology,50759,90.54%,,,,,,,
10.8.168.10,Information and Computer Security,5303,9.46%,,,,,,,
10.8.8.44,Information Technology,38389,94.92%,,,,,,,
10.8.8.44,Information and Computer Security,2053,5.08%,,,,,,,
10.8.8.116,Information Technology,35800,91.99%,,,,,,,
10.8.8.116,File Sharing and Storage,2781,7.15%,,,,,,,
10.8.8.116,Advertising,82,0.21%,,,,,,,
10.8.8.116,Streaming Media and Download,71,0.18%,,,,,,,
10.8.8.116,Information and Computer Security,61,0.16%,,,,,,,
10.8.123.16,Information Technology,22796,63.67%,,,,,,,
10.8.123.16,Business,3122,8.72%,,,,,,,
10.8.123.16,Search Engines and Portals,2236,6.25%,,,,,,,
10.8.123.16,Advertising,1259,3.52%,,,,,,,
10.8.123.16,File Sharing and Storage,1194,3.33%,,,,,,,
10.8.123.20,Information Technology,23280,65.37%,,,,,,,
10.8.123.20,Advertising,3134,8.80%,,,,,,,
10.8.123.20,File Sharing and Storage,1451,4.07%,,,,,,,
10.8.123.20,Finance and Banking,1215,3.41%,,,,,,,
10.8.123.20,Web Analytics,1182,3.32%,,,,,,,
,,,,,,,,,,
###Top 10 Visited Categories by Sites###,,,,,,,,,,
Categories,Website,,% of Subtotal,,,,,,,
Information Technology,exch-cas.fortinet.com,124383,8.10%,,,,,,,
Information Technology,fsavm.fortinet.net,110959,7.22%,,,,,,,
Information Technology,turbo-54v3hxoe.edge.prod.fortisase.com,96994,6.31%,,,,,,,
Information Technology,fortinet-ca2.fortinet.com,85412,5.56%,,,,,,,
Information Technology,teams.microsoft.com,46485,3.03%,,,,,,,
Search Engines and Portals,www.google.com,625751,90.23%,,,,,,,
Search Engines and Portals,www.bing.com,7669,1.11%,,,,,,,
Search Engines and Portals,accounts.google.com,5941,0.86%,,,,,,,
Search Engines and Portals,login.live.com,4352,0.63%,,,,,,,
Search Engines and Portals,google.com,3639,0.52%,,,,,,,
Content Servers,vpc.aliyuncs.com,20140,32.23%,,,,,,,
Content Servers,cs.aliyuncs.com,10070,16.11%,,,,,,,
Content Servers,ecs.cn-hongkong.aliyuncs.com,10070,16.11%,,,,,,,
Content Servers,apidata.googleusercontent.com,2126,3.40%,,,,,,,
Content Servers,statics.teams.cdn.office.net,1067,1.71%,,,,,,,
Business,api-su2.highspot.com,25318,43.94%,,,,,,,
Business,fortinet.highspot.com,3035,5.27%,,,,,,,
Business,www.linkedin.com,1763,3.06%,,,,,,,
Business,fortisiem.demo.etlab.net,1606,2.79%,,,,,,,
Business,waiting-room-api.ztore.com,1299,2.25%,,,,,,,
File Sharing and Storage,gateway.icloud.com,22649,43.84%,,,,,,,
File Sharing and Storage,d.docs.live.net,6178,11.96%,,,,,,,
File Sharing and Storage,metrics.icloud.com,1329,2.57%,,,,,,,
File Sharing and Storage,oneclient.sfx.ms,998,1.93%,,,,,,,
File Sharing and Storage,docs.live.net,850,1.65%,,,,,,,
Advertising,googleads.g.doubleclick.net,3352,8.04%,,,,,,,
Advertising,c.go-mpulse.net,2381,5.71%,,,,,,,
Advertising,adservice.google.com,2083,4.99%,,,,,,,
Advertising,pagead2.googlesyndication.com,1922,4.61%,,,,,,,
Advertising,ib.adnxs.com,1915,4.59%,,,,,,,
Proxy Avoidance,mask-h2.icloud.com,32176,91.22%,,,,,,,
Proxy Avoidance,mask.icloud.com,803,2.28%,,,,,,,
Proxy Avoidance,api.uymgg1.com,760,2.15%,,,,,,,
Proxy Avoidance,doh.dns.apple.com,755,2.14%,,,,,,,
Proxy Avoidance,api.surfshark.com,355,1.01%,,,,,,,
Social Networking,graph.facebook.com,6622,19.70%,,,,,,,
Social Networking,www.facebook.com,3958,11.78%,,,,,,,
Social Networking,edge-mqtt.facebook.com,2815,8.38%,,,,,,,
Social Networking,i.instagram.com,2768,8.24%,,,,,,,
Social Networking,web.facebook.com,2039,6.07%,,,,,,,
Web-based Applications,roaming.officeapps.live.com,9247,27.53%,,,,,,,
Web-based Applications,nexusrules.officeapps.live.com,5004,14.90%,,,,,,,
Web-based Applications,ocws.officeapps.live.com,3594,10.70%,,,,,,,
Web-based Applications,nexus.officeapps.live.com,3164,9.42%,,,,,,,
Web-based Applications,cdn.odc.officeapps.live.com,1535,4.57%,,,,,,,
Information and Computer Security,ocsp.digicert.com,18790,60.68%,,,,,,,
Information and Computer Security,ocsp.pki.goog,2488,8.03%,,,,,,,
Information and Computer Security,www.virustotal.com,2060,6.65%,,,,,,,
Information and Computer Security,x1.c.lencr.org,1423,4.60%,,,,,,,
Information and Computer Security,fortinet-ca2.fortinet.com,1143,3.69%,,,,,,,
,,,,,,,,,,
###Top 10 Online Users by Browsing Time###,,,,,,,,,,
User,Browsing Time,,,,,,,,,
10.8.8.169,1244008,,,,,,,,,
user1 ,826329,,,,,,,,,
10.8.7.2,671168,,,,,,,,,
10.8.9.121,569170,,,,,,,,,
10.8.8.220,555553,,,,,,,,,
10.8.8.50,507062,,,,,,,,,
10.8.8.183,471799,,,,,,,,,
10.8.123.2,458084,,,,,,,,,
10.8.8.75,392330,,,,,,,,,
10.8.168.201,390633,,,,,,,,,
,,,,,,,,,,
###Top 10 Online Users by Categories###,,,,,,,,,,
User (or IP),Category,,% of Subtotal,,,,,,,
10.8.8.169,Search Engines and Portals,604740,48.61%,,,,,,,
10.8.8.169,Information Technology,574907,46.21%,,,,,,,
user1 ,Information Technology,592728,71.73%,,,,,,,
user1 ,Potentially Unwanted Program,16904,2.05%,,,,,,,
user1 ,Information and Computer Security,13766,1.67%,,,,,,,
user1 ,Search Engines and Portals,1543,0.19%,,,,,,,
user1 ,Business,913,0.11%,,,,,,,
10.8.7.2,Information Technology,210925,31.43%,,,,,,,
10.8.7.2,Business,1143,0.17%,,,,,,,
10.8.7.2,Search Engines and Portals,461,0.07%,,,,,,,
10.8.7.2,Web-based Email,386,0.06%,,,,,,,
10.8.7.2,Shopping,346,0.05%,,,,,,,
10.8.9.121,Information Technology,244789,43.01%,,,,,,,
10.8.9.121,Search Engines and Portals,142347,25.01%,,,,,,,
10.8.9.121,Web-based Applications,51430,9.04%,,,,,,,
10.8.9.121,Instant Messaging,34771,6.11%,,,,,,,
10.8.9.121,Business,18714,3.29%,,,,,,,
10.8.8.220,Information Technology,116033,20.89%,,,,,,,
10.8.8.220,Search Engines and Portals,8076,1.45%,,,,,,,
10.8.8.220,Information and Computer Security,1578,0.28%,,,,,,,
10.8.8.220,Business,517,0.09%,,,,,,,
10.8.8.220,Web Analytics,507,0.09%,,,,,,,
10.8.8.50,Information Technology,379156,74.78%,,,,,,,
10.8.8.50,Search Engines and Portals,1711,0.34%,,,,,,,
10.8.8.50,Information and Computer Security,1432,0.28%,,,,,,,
10.8.8.50,Business,1272,0.25%,,,,,,,
10.8.8.50,Shopping,475,0.09%,,,,,,,
10.8.8.183,Information Technology,245497,52.03%,,,,,,,
10.8.8.183,Search Engines and Portals,13047,2.77%,,,,,,,
10.8.8.183,Web Analytics,3677,0.78%,,,,,,,
10.8.8.183,Information and Computer Security,3121,0.66%,,,,,,,
10.8.8.183,Business,1783,0.38%,,,,,,,
10.8.123.2,Information Technology,104093,22.72%,,,,,,,
10.8.123.2,Search Engines and Portals,92918,20.28%,,,,,,,
10.8.123.2,Web-based Applications,60257,13.15%,,,,,,,
10.8.123.2,Finance and Banking,52623,11.49%,,,,,,,
10.8.123.2,Social Networking,31860,6.96%,,,,,,,
10.8.8.75,Information Technology,348319,88.78%,,,,,,,
10.8.8.75,Search Engines and Portals,11574,2.95%,,,,,,,
10.8.8.75,Information and Computer Security,10590,2.70%,,,,,,,
10.8.8.75,Reference,9977,2.54%,,,,,,,
10.8.8.75,Business,1359,0.35%,,,,,,,
10.8.168.201,Information Technology,213591,54.68%,,,,,,,
10.8.168.201,Web-based Email,100009,25.60%,,,,,,,
10.8.168.201,Search Engines and Portals,71627,18.34%,,,,,,,
10.8.168.201,Information and Computer Security,3677,0.94%,,,,,,,
10.8.168.201,Web Analytics,720,0.18%,,,,,,,
,,,,,,,,,,
###Top 10 Categories by Browsing Time###,,,,,,,,,,
Categories,Browsing Time,% of Total,,,,,,,,
Information Technology,167:59:59,21.41,,,,,,,,
Search Engines and Portals,167:59:11,21.4,,,,,,,,
Web-based Applications,69:10:43,8.81,,,,,,,,
Web-based Email,65:18:06,8.32,,,,,,,,
Information and Computer Security,59:36:01,7.59,,,,,,,,
Social Networking,55:18:24,7.05,,,,,,,,
Business,54:54:02,7,,,,,,,,
Instant Messaging,52:32:56,6.7,,,,,,,,
Web Analytics,50:50:19,6.48,,,,,,,,
Web Chat,41:11:07,5.25,,,,,,,,
,,,,,,,,,,
###Top 20 Sites by Browsing Time###,,,,,,,,,,
ID,Sites,Category,Browsing Time (hh:mm:ss),,,,,,,
1,www.google.com,Search Engines and Portals,167:59:11,,,,,,,
2,fortiguard.com,Information Technology,159:56:52,,,,,,,
3,dns.google,Information Technology,149:59:22,,,,,,,
4,turbo-54v3hxoe.edge.prod.fortisase.com,Information Technology,147:48:50,,,,,,,
5,fortinet-ca2.fortinet.com,Information and Computer Security,127:04:02,,,,,,,
6,array806.prod.do.dsp.mp.microsoft.com,Information Technology,122:48:08,,,,,,,
7,safebrowsing.googleapis.com,Information Technology,79:53:26,,,,,,,
8,exch-cas.fortinet.com,Information Technology,78:40:27,,,,,,,
9,clientservices.googleapis.com,Information Technology,75:46:43,,,,,,,
10,ctldl.windowsupdate.com,Information Technology,74:35:27,,,,,,,
11,teams.microsoft.com,Information Technology,68:58:24,,,,,,,
12,173.243.138.98,Information Technology,67:58:13,,,,,,,
13,noam.presence.teams.microsoft.com,Information Technology,61:50:07,,,,,,,
14,edge.microsoft.com,Information Technology,58:19:36,,,,,,,
15,www.bing.com,Search Engines and Portals,57:46:42,,,,,,,
16,self.events.data.microsoft.com,Information Technology,56:40:36,,,,,,,
17,ssl.gstatic.com,Information Technology,54:43:00,,,,,,,
18,contile.services.mozilla.com,Information Technology,54:21:09,,,,,,,
19,fsavm.fortinet.net,Information Technology,53:54:18,,,,,,,
20,mobile.events.data.microsoft.com,Information Technology,53:13:18,,,,,,,
,,,,,,,,,,
###Top 10 Bandwidth Users###,,,,,,,,,,
User,Bytes,% of Total,,,,,,,,
10.8.8.173,45.01 GB,22.49,,,,,,,,
10.8.8.139,26.62 GB,13.3,,,,,,,,
10.8.123.6,22.98 GB,11.48,,,,,,,,
10.8.8.128,21.38 GB,10.69,,,,,,,,
10.8.8.97,20.51 GB,10.25,,,,,,,,
10.8.9.123,17.32 GB,8.65,,,,,,,,
10.8.123.16,13.91 GB,6.95,,,,,,,,
10.8.8.75,11.21 GB,5.6,,,,,,,,
10.8.9.121,10.98 GB,5.49,,,,,,,,
10.8.8.169,10.22 GB,5.11,,,,,,,,
,,,,,,,,,,
###Top 10 Bandwidth Users over Time###,,,,,,,,,,
(null),10.8.123.16,10.8.123.6,10.8.8.128,10.8.8.139,10.8.8.169,10.8.8.173,10.8.8.75,10.8.8.97,10.8.9.121,10.8.9.123
1675699200,0,0,0,0,64446598,266287495,66077339,54597937,0,0
1675702800,0,0,0,0,64467224,502352202,124053111,187498735,0,0
1675706400,0,0,0,0,64377893,180520074,59429650,8343432,0,0
1675710000,0,0,0,0,64674533,619337570,37893923,32606109,0,0
1675713600,0,0,0,0,64338325,263913572,37364109,33716298,0,0
1675717200,0,0,0,0,64411812,256430580,25876196,60129126,0,0
1675720800,0,0,0,0,64703865,233890377,164984187,357126923,0,0
1675724400,0,0,0,28715954,64248417,293580795,42159498,47765017,0,0
1675728000,309285512,104308081,149930769,136321965,66197664,375994023,27691673,46244571,0,0
1675731600,349806388,290961493,77915058,10086486,67917854,316826452,27463349,176192127,0,0
1675735200,1046612502,315482255,75751614,3242652,67100298,258077504,32915646,850801610,1031520,2341876
1675738800,3860718460,443998978,66412135,9438936,67051298,214608140,25106264,1707663076,1082035,219563160
1675742400,735212350,97710360,2455600211,2461868226,67269492,294931140,65096087,199966697,52430966,698218
1675746000,4477879,105206043,14803067,935741,68106906,248026683,25231122,1352126504,3684794,1258607
1675749600,406607688,594409034,164301181,52410883,67840052,222038729,27172007,213397945,6619689,2254999
1675753200,148581172,204757798,7354994,15691418,68755804,289498241,54225429,687473377,7463166,2342671
1675756800,462629,459522773,40491,37594710,68280517,186055160,98900628,3635554139,5042166150,1886938
1675760400,0,719625114,0,32747242,68070624,536733867,151785160,1796983947,534171,4152449
1675764000,0,4011842,0,1511025,68402345,258666929,32819631,164173039,492866,2842452
1675767600,0,0,0,0,67866399,254994553,156056490,698524125,0,421378
1675771200,0,0,0,0,67645802,78753629,54437185,70172606,0,0
1675774800,0,0,0,0,67635164,173597742,29630002,42044546,0,0
1675778400,0,0,0,0,67886021,141122263,25098688,50317991,0,0
1675782000,0,0,0,0,67887646,253559376,90684205,225351376,0,0
1675785600,0,0,0,0,65826284,568236643,79426627,173253319,0,0
1675789200,0,0,0,0,64559587,346413280,131894884,195720793,0,0
1675792800,0,0,0,0,65052405,47392411,61671488,21492766,0,0
1675796400,0,0,0,0,65169487,1672437676,35857664,52153122,0,0
1675800000,0,0,0,0,65116171,235475849,28597988,70373632,0,0
1675803600,0,0,0,0,65022401,172174481,41973842,149117352,0,0
1675807200,0,0,0,0,65217940,402093117,131797298,152026390,0,0
1675810800,0,0,0,0,65440750,239204653,103076736,252264910,0,0
1675814400,107390958,551121571,71226551,0,65921832,341227064,91564555,1204695775,0,0
1675818000,563353957,218895495,173197782,0,65482734,423938794,31845436,316402479,1757482841,16687874
1675821600,1369449727,133335984,1362846422,0,65519863,101223799,85307604,708279296,346736351,89897363
1675825200,120803102,34897326,23738771,0,64795057,398686226,118041801,714329417,43159774,27135720
1675828800,101419956,43560952,828796968,0,65232723,292744813,88466276,90320499,27050012,420302855
1675832400,44102519,176064245,13199632,0,64787424,240320554,27978792,23450506,9446985,842931454
1675836000,915628426,973858736,16194875,0,65209195,240131078,35356790,4117104,87897912,70014668
1675839600,101918265,598567867,14476,0,65499355,236971016,24288138,38998670,58146019,233997660
1675843200,72216849,829838528,0,0,65439855,326032214,39618596,31010966,400685758,42853377
1675846800,213441988,203635867,5708700,0,65833373,238849037,151712759,64461005,239973390,56787747
1675850400,86528269,0,8635375871,0,65609131,327810233,28112060,22758516,37998982,87183830
1675854000,337249,0,4028681,0,65724339,237150054,44033042,38507631,3852572,258991
1675857600,0,0,3983588,0,65201597,33127121,31336280,3944380,68952,0
1675861200,0,0,3983855,0,64732221,195088297,35979237,37817848,108282,0
1675864800,0,0,3989476,0,65101064,151506368,57122744,42287615,45537648,0
1675868400,0,0,3983777,0,65460951,270727057,28960938,67753119,5138039,0
1675872000,0,0,4035757,0,65697933,374397537,96027500,51896099,7678429,0
1675875600,0,0,4000919,0,65446759,476167445,100960069,39323531,18224152,0
1675879200,0,0,4026499,0,64851576,168747725,51934966,9168150,1967817,0
1675882800,0,0,4021416,0,64809338,517022378,25004863,38246581,98025,0
1675886400,0,0,3978530,0,64708939,360058980,33991183,45314230,262770,0
1675890000,0,0,3981808,0,64881254,2375500426,112613818,95270249,75143,0
1675893600,0,0,4040188,0,65090519,625253460,83853157,33453489,16258588,0
1675897200,0,0,3956640,0,64968396,247062641,287612127,3855104,2402411,0
1675900800,0,2137557086,3983884,0,64980565,560168789,59884283,25771720,6993515,0
1675904400,83773783,229808714,3994958,1706688,64994846,372230335,29424345,481752243,6214828,251002530
1675908000,1101688017,55523825,242966,189421813,64833223,154557179,89229443,376930535,139753474,3835112
1675911600,891922231,54533363,0,110479527,64172130,394627806,121302175,7491235,61643367,4015509
1675915200,138063424,232144526,0,7911720,65530686,295273147,96573068,80553703,313872870,2561163
1675918800,5320402,213888864,0,4462885,64863476,243494159,33878123,57646135,10717151,0
1675922400,71407499,642213411,2621116,146308276,65009872,251558985,156742483,4837707,397504136,0
1675926000,17010784,732509270,3972996,46773115,65044651,242837193,39130655,56840855,72945958,0
1675929600,130407512,822868114,3980993,123504396,64995368,410697342,157762004,58818577,63849605,0
1675933200,39521011,162471080,3967753,18318929071,64896049,247944837,30823337,51737163,185360000,0
1675936800,64665,4172,3974909,23219,65061127,244972244,30057394,4497785,7016443,0
1675940400,0,0,3970630,0,64877525,230318037,40903348,38748257,402556,0
1675944000,0,0,3957903,0,64861719,156423067,76555421,4298218,29224,0
1675947600,0,0,3979029,0,64995097,141572044,36471669,38713651,87289,0
1675951200,0,0,3945081,0,65082301,340985648,29671752,9435586,81244556,0
1675954800,0,0,3975136,0,64976640,103895839,87250499,75045798,2697093,0
1675958400,0,0,3973563,0,64988903,414819369,115983483,52817949,3617293,0
1675962000,0,0,3969016,0,64942177,396620176,77513325,22479239,12001552,0
1675965600,0,0,3969112,0,65067259,356090887,50232628,8024750,11582371,0
1675969200,0,0,3988651,0,64976589,249184852,33720761,60013083,844946,0
1675972800,0,0,3961624,0,65042571,228660037,50075277,41569466,3368509,0
1675976400,0,0,3977545,0,65005222,295407591,161416240,74483698,9653507,0
1675980000,0,0,3965204,0,65227961,244985764,24918544,3960969,4323258,0
1675983600,0,0,3960561,0,64987612,244461794,33007886,65089148,1190908,0
1675987200,0,157201864,3957307,0,64976065,297902976,32371261,3667099,101735,0
1675990800,41968865,601227749,3941604,2213642806,64961117,337013772,40554689,39223624,8877792,0
1675994400,3121640,217918164,3943273,1628861322,64193138,90966616,162745534,78137467,13471406,0
1675998000,2950361,0,3949093,12585823,63917384,428079898,63396127,30849461,303844,0
1676001600,3184816,0,4301811,24473612,65740307,305537135,97685960,118779360,0,22219
1676005200,10249710,757029112,8634152253,18607348,65830388,241057828,36020151,4099881,57919883,13461
1676008800,31087968,535483202,4008223,6906628,65508588,246699218,31187236,38792670,26186793,479791
1676012400,40761696,19098958,4028072,12174,65853385,225426594,41410245,5283594,450294,6159
1676016000,320526910,35408676,8977750,0,65563665,363707083,125102845,65817584,8109007,0
1676019600,18586844,890720664,5449463,0,65496825,294557774,80394688,59800074,65960024,0
1676023200,9882255,0,141496,0,65145636,251715059,29429588,38906004,2656599,0
1676026800,36015,0,138452,0,65132352,251504264,33032561,39920100,9735083,0
1676030400,0,0,187545,0,65009080,201629573,43652489,13166218,3935841,0
1676034000,0,0,141991,0,65088520,128545971,28807924,73957221,2244921,0
1676037600,0,0,141536,0,65203518,275214774,25344927,6416189,5113402,0
1676041200,0,0,127359,0,65271527,305743563,50710070,23435953,1911035,0
1676044800,0,0,138963,0,65094515,152767852,148607774,79011451,74733,0
1676048400,0,0,150270,0,65019633,534512178,76044501,30022946,20705201,0
1676052000,0,0,199611,0,65014566,52192900,88596272,44024704,4103811,0
1676055600,0,0,141496,0,65208162,169735814,124606383,9516774,6861166,0
1676059200,0,0,138452,0,65048152,349292515,90132730,104664109,966880,0
1676062800,0,0,198598,0,65065323,313139692,155741063,144365121,117327,0
1676066400,0,0,198932,0,65016654,510400863,249623946,38869502,76598,0
1676070000,0,0,138951,0,65195388,209846241,33592605,39283627,46099428,0
1676073600,0,0,119230,0,64983579,328118485,40293147,33241939,89821,0
1676077200,0,0,194785,0,64941286,325084339,75751678,22931441,107077,0
1676080800,0,0,138452,0,64273944,214133435,122589552,65080644,134875,0
1676084400,0,0,140387,0,64863358,319278053,70089841,4256238,17808411,0
1676088000,0,0,195598,0,64285046,295570975,81633557,107661799,15540699,0
1676091600,0,0,138951,0,64534813,248317262,100671984,42143340,7873043,0
1676095200,0,0,198638,0,65024342,234600186,61395525,6829837,431792,0
1676098800,0,0,144456,0,64874949,244300272,33375173,23619832,7147559,0
1676102400,0,0,138412,0,64871574,191052068,105070922,43837552,72997,0
1676106000,0,0,130862,0,64798891,469551825,74638740,52808109,59614,0
1676109600,0,0,160134,0,64927657,249261491,32407458,3691586,97863,0
1676113200,0,0,141995,0,64898042,244326291,30178430,23405367,55296057,0
1676116800,0,0,138951,0,65050232,166480577,32557622,23604921,20166898,0
1676120400,0,0,138452,0,64937651,239006090,29884669,42758957,7734583,0
1676124000,0,0,142230,0,64945792,226907512,48451976,6754220,1661560,0
1676127600,0,0,200280,0,64944157,242515135,114616895,22955769,4786094,0
1676131200,0,0,198678,0,64980877,430253447,25490958,23420739,1222604,0
1676134800,0,0,141496,0,64920821,305349892,33324132,7619032,88892,0
1676138400,0,0,138951,0,64954404,249765966,44875718,23001258,73804,0
1676142000,0,0,199571,0,64916717,488041617,58284547,27210983,132031,0
1676145600,0,0,198678,0,64947078,254320235,40021327,45471114,10887507,0
1676149200,0,0,198678,0,65000874,216450542,33768233,7747565,3959938,0
1676152800,0,0,195558,0,65012157,286767577,33078460,4123560,5567673,0
1676156400,0,0,138951,0,64818239,250187145,25445648,23497910,173322,0
1676160000,0,0,144955,0,65062005,362737383,28155085,42092217,5796838,0
1676163600,0,0,194665,0,64027398,250919530,25518790,4971804,597190,0
1676167200,0,0,198099,0,64757200,259791870,49264466,45722520,113556,0
1676170800,0,612861692,141995,0,64386637,246033972,53381337,23152492,8917999,0
1676174400,0,898342,160174,0,64982550,298794432,77820346,75782679,7621506,0
1676178000,0,0,198558,0,64893439,254981611,53826172,24533517,13195900,0
1676181600,0,0,138452,169613907,64868332,247075747,1870918627,23419306,2975026,0
1676185200,0,0,139498,566033350,64955106,250549482,29529586,23491981,109312,0
1676188800,0,0,138951,7884248,66447802,360119346,30630803,26284668,45571989,0
1676192400,0,0,160134,1260375731,65016379,244271704,56147934,7450134,618948,0
1676196000,0,0,198179,156612,64973573,263130410,30590661,23566443,174389,0
1676199600,0,0,141911,5615,64991929,251440134,25979996,4151458,18194560,0
1676203200,0,0,171065,264855,65050927,216316814,28427268,23364952,7805534,0
1676206800,0,0,194166,4693099,64926198,120753048,29337019,43254401,7115739,0
1676210400,0,0,195179,200379,64950763,237422922,45281411,26778649,227799,0
1676214000,0,0,198689,177823,64928545,320743300,29879139,4120696,144952,0
1676217600,0,0,138951,172227,65139803,476452888,42562383,26150005,28904926,0
1676221200,0,0,138452,286842,65890734,235108752,39865978,6832873,1559862,0
1676224800,0,0,141496,234279,64994254,247382455,35471376,24475111,51613,0
1676228400,0,0,160134,206546,65399334,263713129,26168834,23624500,17632,0
1676232000,0,0,184006,259275,65151933,135159035,32390432,6953652,4890256,0
1676235600,0,0,194126,243495,64972186,364205115,29254164,42329691,3482948,0
1676239200,0,0,154563,189137,64895490,251783262,25345091,4401090,3306459,0
1676242800,0,0,183966,228369,64935458,297285736,25207592,26547273,3468650,0
1676246400,0,276849647,145035,211430,65066766,381026926,32580052,23039234,85414,0
1676250000,42084010,55500315,111709,251997,65204045,232672489,36449922,23297143,113743454,6609985955
1676253600,99739887,128698895,195179,169937,64516853,247859893,35983424,7820603,42599023,5388537081
1676257200,281313685,706281902,141416,185442,64671987,269781773,31628539,23555098,58375072,479597913
1676260800,77207164,281006010,145115,253441,65252772,300303657,118062062,95178130,21701392,3583003875
1676264400,20197570,89837592,96643,228615,65479036,253180195,29933152,3982715,46978854,5660646
1676268000,44431518,109207,163134,192298,65581958,235650556,28408247,4567752,76901153,98535356
1676271600,39433279,546395019,145083,823106183,65387514,226977848,30054460,23036442,44776917,41804219
1676275200,461780186,6254080115,221242,372265,65153091,44117875,35199080,21060254,188405048,754676
1676278800,348582566,1486239,162163,284343,65198127,0,24864415,0,74036723,106278
1676282400,951559,118027086,141995,2483530,65598288,0,32935507,0,79155128,0
1676286000,0,0,127319,151739,65960690,0,30229679,0,754364544,0
1676289600,0,0,194351,240049,66022203,0,47597984,0,11417636,0
1676293200,0,0,133823,100084177,65756674,0,33180365,0,23435,0
1676296800,0,0,160218,121410,65002646,0,33226906,175342836,61411,0
1676300400,0,0,127204,274349,64938321,0,29877194,23523353,40665540,0
,,,,,,,,,,
###Top 10 Categories and Sites by Bandwidth###,,,,,,,,,,
Category,Website,,% of Subtotal,,,,,,,
Information Technology,fortinet-ca2.fortinet.com,82112364082,23.08%,,,,,,,
Information Technology,fortinet.egnyte.com,21805950526,6.13%,,,,,,,
Information Technology,exch-cas.fortinet.com,17701054745,4.98%,,,,,,,
Information Technology,globalupdate.fortinet.net,13776046653,3.87%,,,,,,,
Information Technology,cdn.17app.co,13128731985,3.69%,,,,,,,
Streaming Media and Download,live-ak.vimeocdn.com,15523687464,55.17%,,,,,,,
Streaming Media and Download,iosapps.itunes.apple.com,3049199992,10.84%,,,,,,,
Streaming Media and Download,rr5---sn-i3belnl6.googlevideo.com,925677103,3.29%,,,,,,,
Streaming Media and Download,live.vimeocdn.com,522076784,1.86%,,,,,,,
Streaming Media and Download,www.youtube.com,456982856,1.62%,,,,,,,
Search Engines and Portals,www.google.com,12653386470,73.47%,,,,,,,
Search Engines and Portals,edgecast-cf-prod.yahoo.net,549204282,3.19%,,,,,,,
Search Engines and Portals,assets.msn.com,535043696,3.11%,,,,,,,
Search Engines and Portals,www.gstatic.com,485911216,2.82%,,,,,,,
Search Engines and Portals,www.bing.com,275331213,1.60%,,,,,,,
Content Servers,statics.teams.cdn.office.net,3420895303,24.95%,,,,,,,
Content Servers,dms.licdn.com,2520562683,18.39%,,,,,,,
Content Servers,nbalpng.akamaized.net,2171634411,15.84%,,,,,,,
Content Servers,img-prod-cms-rt-microsoft-com.akamaized.net,827549560,6.04%,,,,,,,
Content Servers,assets-17app.akamaized.net,535827487,3.91%,,,,,,,
Social Networking,scontent-hkt1-2.xx.fbcdn.net,4462171057,37.91%,,,,,,,
Social Networking,scontent-hkt1-2.cdninstagram.com,2341380941,19.89%,,,,,,,
Social Networking,scontent-hkt1-1.xx.fbcdn.net,1699496511,14.44%,,,,,,,
Social Networking,scontent-hkt1-1.cdninstagram.com,1071217960,9.10%,,,,,,,
Social Networking,video-hkt1-2.xx.fbcdn.net,374187000,3.18%,,,,,,,
Instant Messaging,media-hkg4-2.cdn.whatsapp.net,3793569724,40.29%,,,,,,,
Instant Messaging,media-hkg4-1.cdn.whatsapp.net,3737726590,39.70%,,,,,,,
Instant Messaging,mmg.whatsapp.net,251247655,2.67%,,,,,,,
Instant Messaging,media-hkt1-2.cdn.whatsapp.net,235362929,2.50%,,,,,,,
Instant Messaging,updates2.signal.org,230296092,2.45%,,,,,,,
Business,api-su2.highspot.com,2864360766,30.91%,,,,,,,
Business,media.licdn.com,1200172053,12.95%,,,,,,,
Business,media.proadscdn.com,582152068,6.28%,,,,,,,
Business,fortinet.highspot.com,428984015,4.63%,,,,,,,
Business,static.licdn.com,424683682,4.58%,,,,,,,
File Sharing and Storage,oneclient.sfx.ms,3370405505,47.34%,,,,,,,
File Sharing and Storage,as1a-zip.samsungcloud.com,1113148365,15.64%,,,,,,,
File Sharing and Storage,gateway.icloud.com,784092275,11.01%,,,,,,,
File Sharing and Storage,drive.google.com,523730495,7.36%,,,,,,,
File Sharing and Storage,edge.dropboxstatic.com,281656560,3.96%,,,,,,,
Web-based Applications,usc-powerpoint.officeapps.live.com,1041266192,27.13%,,,,,,,
Web-based Applications,usc-excel.officeapps.live.com,588170077,15.33%,,,,,,,
Web-based Applications,roaming.officeapps.live.com,576264870,15.02%,,,,,,,
Web-based Applications,docs.google.com,434312287,11.32%,,,,,,,
Web-based Applications,pptsgs.officeapps.live.com,294434656,7.67%,,,,,,,
Education,ftp.sjtu.edu.cn,1722097193,73.42%,,,,,,,
Education,dash-enc-c.udemycdn.com,183597768,7.83%,,,,,,,
Education,www.hkib.org,119170625,5.08%,,,,,,,
Education,kali.cs.nctu.edu.tw,66660027,2.84%,,,,,,,
Education,home.pearsonvue.com,34749738,1.48%,,,,,,,
,,,,,,,,,,
###Top 5 Most Blocked Users and Visited Categories###,,,,,,,,,,
No matching log data for this report,,,,,,,,,,
,,,,,,,,,,
###Top 5 Most Blocked Users over Time###,,,,,,,,,,
No matching log data for this report,,,,,,,,,,
,,,,,,,,,,
###Top 3 Most Blocked Categories by Sites###,,,,,,,,,,
No matching log data for this report,,,,,,,,,,
,,,,,,,,,,
Web Usage Request Count, 3.13 M,,,,,,,,,
Web Usage Application Count,240,,,,,,,,,
Web Usage Category Count,66,,,,,,,,,
Web Usage User Count,202,,,,,,,,,
web Usage Total Malicious Websites Count,6,,,,,,,,,
